date,open,high,low,close,volume,adjusted_close,name
2000-01-03,116.03,116.03,113.0,113.5,1278800.0,113.5,dia
2000-01-04,112.28,112.97,109.77,109.77,1534700.0,109.77,dia
2000-01-05,110.0,112.38,109.03,111.19,2007000.0,111.19,dia
2000-01-06,111.41,113.17,111.19,112.19,2639200.0,112.19,dia
2000-01-07,111.41,115.56,113.31,115.5,3767400.0,115.5,dia
2000-01-10,116.81,116.81,115.44,116.0,762900.0,116.0,dia
2000-01-11,115.16,116.75,115.02,115.14,1658700.0,115.14,dia
2000-01-12,115.5,116.19,115.16,115.44,813300.0,115.44,dia
2000-01-13,116.02,116.62,115.22,115.88,1192200.0,115.88,dia
2000-01-14,117.47,117.5,116.12,117.5,1935500.0,117.5,dia
2000-01-18,116.44,116.88,115.5,115.72,656500.0,115.72,dia
2000-01-19,115.62,115.8,114.59,115.56,1003400.0,115.56,dia
2000-01-20,115.94,115.97,112.66,113.73,887000.0,113.73,dia
2000-01-21,114.19,114.19,112.31,112.81,783200.0,112.81,dia
2000-01-24,113.25,113.62,109.06,110.0,2066100.0,110.0,dia
2000-01-25,110.59,110.88,108.75,110.34,1728200.0,110.34,dia
2000-01-26,110.22,111.38,110.12,110.47,1001400.0,110.47,dia
2000-01-27,111.12,111.61,109.19,110.47,853900.0,110.47,dia
2000-01-28,109.84,110.06,107.14,107.41,1253300.0,107.41,dia
2000-01-31,107.14,109.62,107.0,109.5,996600.0,109.5,dia
2000-02-01,109.56,110.72,109.03,110.28,786500.0,110.28,dia
2000-02-02,110.38,111.19,109.66,109.69,618100.0,109.69,dia
2000-02-03,110.62,110.66,108.22,110.5,863300.0,110.5,dia
2000-02-04,110.44,110.97,109.34,109.75,474000.0,109.75,dia
2000-02-07,109.16,109.47,108.38,108.75,723900.0,108.75,dia
2000-02-08,109.91,110.34,109.12,109.31,993100.0,109.31,dia
2000-02-09,109.38,109.38,106.78,106.91,819900.0,106.91,dia
2000-02-10,107.27,107.59,106.02,107.0,1263500.0,107.0,dia
2000-02-11,106.56,106.56,103.62,104.5,2148400.0,104.5,dia
2000-02-14,105.0,105.59,104.56,105.5,1300800.0,105.5,dia
2000-02-15,105.59,107.88,105.02,107.44,1360000.0,107.44,dia
2000-02-16,106.88,107.69,105.75,105.81,725800.0,105.81,dia
2000-02-17,106.78,106.86,104.66,104.78,1164100.0,104.78,dia
2000-02-18,105.0,105.0,102.0,102.5,1526600.0,102.5,dia
2000-02-22,102.88,103.47,101.0,102.81,1518800.0,102.81,dia
2000-02-23,102.97,103.5,101.62,102.25,1558900.0,102.25,dia
2000-02-24,102.56,102.69,99.56,101.12,4518600.0,101.12,dia
2000-02-25,100.59,101.47,98.19,98.56,3315900.0,98.56,dia
2000-02-28,99.19,101.62,98.25,100.14,3068300.0,100.14,dia
2000-02-29,101.19,102.12,100.44,101.56,1205000.0,101.56,dia
2000-03-01,101.19,102.78,100.69,101.62,1136200.0,101.62,dia
2000-03-02,101.19,102.25,101.0,101.69,576000.0,101.69,dia
2000-03-03,101.19,104.55,103.0,103.88,1678200.0,103.88,dia
2000-03-06,101.19,103.98,101.14,101.72,1220500.0,101.72,dia
2000-03-07,101.47,101.53,97.53,98.0,3744800.0,98.0,dia
2000-03-08,98.75,99.38,97.16,98.47,2618900.0,98.47,dia
2000-03-09,98.84,100.44,97.31,100.33,1715100.0,100.33,dia
2000-03-10,99.91,101.06,98.97,99.56,1352600.0,99.56,dia
2000-03-13,99.91,100.19,96.84,99.62,1506500.0,99.62,dia
2000-03-14,100.31,100.69,98.0,98.47,854300.0,98.47,dia
2000-03-15,98.62,101.98,97.66,101.62,2040200.0,101.62,dia
2000-03-16,102.56,106.88,102.41,106.78,4857700.0,106.78,dia
2000-03-17,106.0,107.72,105.67,106.12,3710500.0,106.12,dia
2000-03-20,106.28,107.34,105.89,106.81,1812000.0,106.81,dia
2000-03-21,106.56,109.19,105.94,109.12,2310300.0,109.12,dia
2000-03-22,109.16,109.25,107.81,108.58,2434800.0,108.58,dia
2000-03-23,108.38,111.5,108.25,111.12,1894400.0,111.12,dia
2000-03-24,110.53,112.47,110.28,111.12,1903400.0,111.12,dia
2000-03-27,111.34,111.91,109.69,109.81,1431300.0,109.81,dia
2000-03-28,109.12,110.98,109.12,109.38,1575100.0,109.38,dia
2000-03-29,109.84,111.22,108.94,110.72,1426100.0,110.72,dia
2000-03-30,109.88,111.5,108.88,110.06,3573300.0,110.06,dia
2000-03-31,110.8,111.25,109.06,109.44,1103400.0,109.44,dia
2000-04-03,109.31,112.69,109.12,112.69,1411100.0,112.69,dia
2000-04-04,112.56,114.34,106.34,111.69,6635600.0,111.69,dia
2000-04-05,110.31,112.31,109.89,110.38,3339400.0,110.38,dia
2000-04-06,111.38,112.22,110.38,111.42,2279700.0,111.42,dia
2000-04-07,111.97,111.98,110.56,110.91,1027100.0,110.91,dia
2000-04-10,111.22,112.98,110.91,112.06,1833500.0,112.06,dia
2000-04-11,112.25,113.73,110.84,113.25,3624800.0,113.25,dia
2000-04-12,113.88,114.53,110.5,110.52,3620700.0,110.52,dia
2000-04-13,111.36,111.56,108.75,109.03,4333100.0,109.03,dia
2000-04-14,107.44,108.25,101.52,102.52,4518600.0,102.52,dia
2000-04-17,102.88,106.03,102.25,106.03,5978200.0,106.03,dia
2000-04-18,106.47,107.78,105.89,107.78,1576800.0,107.78,dia
2000-04-19,107.44,108.06,106.33,106.81,1536500.0,106.81,dia
2000-04-20,107.06,108.78,106.84,108.78,1886300.0,108.78,dia
2000-04-24,107.0,109.25,106.75,108.88,1714200.0,108.88,dia
2000-04-25,109.72,111.62,108.78,111.53,2798700.0,111.53,dia
2000-04-26,111.56,111.56,108.94,109.47,2051600.0,109.47,dia
2000-04-27,111.56,109.5,107.09,108.38,1656700.0,108.38,dia
2000-04-28,109.38,109.5,107.0,107.56,1166000.0,107.56,dia
2000-05-01,107.97,109.34,107.16,108.12,1385800.0,108.12,dia
2000-05-02,107.5,108.23,106.81,107.06,705000.0,107.06,dia
2000-05-03,106.52,106.72,103.75,104.81,2330600.0,104.81,dia
2000-05-04,105.28,105.28,103.78,104.31,1154900.0,104.31,dia
2000-05-05,103.31,105.89,103.31,105.84,1352100.0,105.84,dia
2000-05-08,105.27,106.38,105.0,105.83,665200.0,105.83,dia
2000-05-09,106.06,106.94,105.0,105.38,1194600.0,105.38,dia
2000-05-10,104.53,105.09,102.62,103.31,1832600.0,103.31,dia
2000-05-11,104.0,105.91,103.88,105.75,1342700.0,105.75,dia
2000-05-12,106.0,106.78,105.75,106.25,999400.0,106.25,dia
2000-05-15,106.47,108.25,106.06,108.2,721400.0,108.2,dia
2000-05-16,108.88,109.78,108.19,109.31,1155300.0,109.31,dia
2000-05-17,108.31,108.69,107.56,107.75,896000.0,107.75,dia
2000-05-18,108.02,108.81,107.41,107.44,931300.0,107.44,dia
2000-05-19,106.56,107.03,105.52,106.56,1394200.0,106.56,dia
2000-05-22,106.12,106.34,103.62,105.53,1232400.0,105.53,dia
2000-05-23,105.59,105.69,104.02,104.44,715700.0,104.44,dia
2000-05-24,104.73,105.69,103.47,105.44,1256700.0,105.44,dia
2000-05-25,105.72,105.81,102.56,103.5,1199600.0,103.5,dia
2000-05-26,103.47,103.98,102.53,103.12,918800.0,103.12,dia
2000-05-30,104.12,105.5,103.53,105.44,822400.0,105.44,dia
2000-05-31,105.03,106.09,105.0,105.31,476100.0,105.31,dia
2000-06-01,105.98,107.0,105.34,106.5,791900.0,106.5,dia
2000-06-02,108.75,108.97,107.52,107.52,751000.0,107.52,dia
2000-06-05,107.38,108.73,107.38,108.25,750600.0,108.25,dia
2000-06-06,107.5,107.98,107.06,107.64,392700.0,107.64,dia
2000-06-07,107.38,108.69,107.03,108.34,895300.0,108.34,dia
2000-06-08,107.72,107.72,106.38,106.78,847900.0,106.78,dia
2000-06-09,107.72,107.72,105.89,106.27,818500.0,106.27,dia
2000-06-12,106.64,106.69,105.66,105.72,429700.0,105.72,dia
2000-06-13,105.19,106.7,104.88,106.56,953800.0,106.56,dia
2000-06-14,106.92,107.48,106.41,107.25,614900.0,107.25,dia
2000-06-15,107.12,107.75,106.64,106.84,647700.0,106.84,dia
2000-06-16,107.05,107.16,104.52,104.52,3000700.0,104.52,dia
2000-06-19,104.77,106.06,104.33,105.59,930300.0,105.59,dia
2000-06-20,105.41,105.44,104.06,104.75,1360800.0,104.75,dia
2000-06-21,104.31,105.25,104.14,104.94,599800.0,104.94,dia
2000-06-22,104.59,105.03,103.38,104.0,888200.0,104.0,dia
2000-06-23,104.22,104.98,103.78,104.44,726800.0,104.44,dia
2000-06-26,104.94,105.97,104.72,105.97,1014800.0,105.97,dia
2000-06-27,105.66,106.25,105.09,105.38,415600.0,105.38,dia
2000-06-28,105.75,106.45,105.08,105.38,516900.0,105.38,dia
2000-06-29,104.61,105.31,103.62,104.25,444300.0,104.25,dia
2000-06-30,103.55,104.5,103.34,104.38,655200.0,104.38,dia
2000-07-03,104.75,105.97,104.34,105.97,267700.0,105.97,dia
2000-07-05,105.36,105.88,104.64,105.0,785200.0,105.0,dia
2000-07-06,105.34,105.45,104.06,105.09,330700.0,105.09,dia
2000-07-07,105.56,106.75,105.16,106.33,634500.0,106.33,dia
2000-07-10,106.06,107.22,106.06,106.5,387500.0,106.5,dia
2000-07-11,106.47,108.23,106.28,107.25,1001400.0,107.25,dia
2000-07-12,108.16,108.59,107.55,107.81,977100.0,107.81,dia
2000-07-13,108.53,108.69,107.62,108.0,1176200.0,108.0,dia
2000-07-14,108.19,108.44,107.62,108.06,551200.0,108.06,dia
2000-07-17,107.88,108.69,107.56,108.0,690600.0,108.0,dia
2000-07-18,107.56,108.0,107.03,107.62,347600.0,107.62,dia
2000-07-19,107.56,108.16,106.94,107.19,764300.0,107.19,dia
2000-07-20,107.81,109.09,107.81,109.09,657900.0,109.09,dia
2000-07-21,108.02,108.34,107.0,107.0,471000.0,107.0,dia
2000-07-24,107.38,107.75,106.69,106.81,414300.0,106.81,dia
2000-07-25,107.34,107.5,106.69,106.78,275600.0,106.78,dia
2000-07-26,106.53,106.75,105.39,105.5,406500.0,105.5,dia
2000-07-27,105.58,106.48,105.16,106.03,804400.0,106.03,dia
2000-07-28,106.27,106.5,104.53,105.0,523100.0,105.0,dia
2000-07-31,105.44,106.0,104.88,105.0,352300.0,105.0,dia
2000-08-01,105.53,106.31,105.05,106.0,385600.0,106.0,dia
2000-08-02,105.91,107.25,105.88,107.0,724600.0,107.0,dia
2000-08-03,106.09,107.48,106.05,106.94,658400.0,106.94,dia
2000-08-04,107.12,107.73,106.64,107.5,879800.0,107.5,dia
2000-08-07,107.78,109.03,107.36,108.62,1176900.0,108.62,dia
2000-08-08,108.56,109.97,108.34,109.66,807200.0,109.66,dia
2000-08-09,109.41,109.8,108.91,109.12,1227000.0,109.12,dia
2000-08-10,109.02,109.59,108.84,109.22,429800.0,109.22,dia
2000-08-11,109.22,110.78,109.16,110.34,1093800.0,110.34,dia
2000-08-14,110.28,111.97,110.09,111.72,1212700.0,111.72,dia
2000-08-15,111.48,111.5,110.62,110.94,1258400.0,110.94,dia
2000-08-16,110.75,111.08,109.77,111.06,1048800.0,111.06,dia
2000-08-17,110.02,111.11,110.02,110.84,590600.0,110.84,dia
2000-08-18,110.94,110.94,109.97,110.44,349000.0,110.44,dia
2000-08-21,110.94,111.12,110.22,110.91,754700.0,110.91,dia
2000-08-22,111.08,112.0,111.0,111.55,1054000.0,111.55,dia
2000-08-23,111.19,111.88,110.66,111.5,602900.0,111.5,dia
2000-08-24,111.41,112.12,111.16,112.03,408400.0,112.03,dia
2000-08-25,111.88,112.25,111.53,112.23,134900.0,112.23,dia
2000-08-28,111.88,113.33,112.08,112.69,531700.0,112.69,dia
2000-08-29,112.44,112.62,112.0,112.53,327200.0,112.53,dia
2000-08-30,111.69,112.25,110.94,111.16,357300.0,111.16,dia
2000-08-31,111.5,113.23,111.44,112.47,889600.0,112.47,dia
2000-09-01,112.94,113.25,112.33,112.53,302000.0,112.53,dia
2000-09-05,111.94,113.12,111.81,112.86,375700.0,112.86,dia
2000-09-06,113.03,114.09,113.03,113.19,715300.0,113.19,dia
2000-09-07,112.78,113.25,112.27,112.78,650600.0,112.78,dia
2000-09-08,112.27,112.78,111.89,112.09,419300.0,112.09,dia
2000-09-11,111.97,113.0,111.41,112.12,765600.0,112.12,dia
2000-09-12,111.94,113.06,111.16,112.91,617600.0,112.91,dia
2000-09-13,112.19,112.5,111.58,112.06,353400.0,112.06,dia
2000-09-14,112.19,112.47,110.72,111.02,663000.0,111.02,dia
2000-09-15,110.78,111.0,108.97,109.0,460400.0,109.0,dia
2000-09-18,109.44,109.47,107.86,108.25,1033800.0,108.25,dia
2000-09-19,108.44,108.44,107.59,107.97,714100.0,107.97,dia
2000-09-20,108.0,108.38,105.53,106.94,3727200.0,106.94,dia
2000-09-21,106.56,108.0,106.56,107.69,1942400.0,107.69,dia
2000-09-22,106.19,108.88,106.0,108.75,1539300.0,108.75,dia
2000-09-25,108.62,108.97,107.78,108.09,552100.0,108.09,dia
2000-09-26,107.75,107.91,106.16,106.16,711500.0,106.16,dia
2000-09-27,106.88,106.91,105.78,106.52,612500.0,106.52,dia
2000-09-28,106.39,108.62,106.33,108.34,1042400.0,108.34,dia
2000-09-29,107.94,108.12,106.62,106.62,779200.0,106.62,dia
2000-10-02,106.98,107.36,106.34,107.09,481400.0,107.09,dia
2000-10-03,107.41,108.78,107.0,107.03,2242400.0,107.03,dia
2000-10-04,107.56,108.62,107.16,107.89,1312100.0,107.89,dia
2000-10-05,107.95,108.56,107.19,107.47,652100.0,107.47,dia
2000-10-06,107.25,107.97,105.22,106.19,1306700.0,106.19,dia
2000-10-09,106.03,106.53,105.58,105.8,555100.0,105.8,dia
2000-10-10,106.0,106.39,104.88,104.91,565500.0,104.91,dia
2000-10-11,104.78,105.81,103.56,104.41,1241600.0,104.41,dia
2000-10-12,104.39,104.39,100.27,100.38,2638500.0,100.38,dia
2000-10-13,100.08,102.25,100.08,101.88,1456700.0,101.88,dia
2000-10-16,102.23,102.94,102.02,102.7,566400.0,102.7,dia
2000-10-17,102.97,103.16,100.38,100.59,906200.0,100.59,dia
2000-10-18,99.0,100.81,96.75,99.78,3010800.0,99.78,dia
2000-10-19,101.25,101.88,100.52,101.84,1539200.0,101.84,dia
2000-10-20,100.88,102.69,100.81,102.38,1682400.0,102.38,dia
2000-10-23,102.62,103.61,102.28,103.14,866900.0,103.14,dia
2000-10-24,103.25,104.36,102.84,103.44,1545400.0,103.44,dia
2000-10-25,103.56,104.69,102.72,102.89,1586100.0,102.89,dia
2000-10-26,103.09,104.72,102.52,103.69,2010900.0,103.69,dia
2000-10-27,104.31,106.41,103.75,106.19,1576000.0,106.19,dia
2000-10-30,105.81,108.69,105.81,108.19,4240300.0,108.19,dia
2000-10-31,108.92,109.92,107.84,109.41,4993400.0,109.41,dia
2000-11-01,109.16,109.92,108.44,109.16,3410300.0,109.16,dia
2000-11-02,109.22,109.62,108.62,108.64,1556300.0,108.64,dia
2000-11-03,109.0,109.0,107.58,108.22,1663700.0,108.22,dia
2000-11-06,108.47,110.12,108.22,110.03,2280300.0,110.03,dia
2000-11-07,109.88,110.06,109.34,109.75,1136400.0,109.75,dia
2000-11-08,110.09,110.22,108.75,108.75,1464300.0,108.75,dia
2000-11-09,107.94,108.97,106.25,108.22,3838900.0,108.22,dia
2000-11-10,107.59,107.84,106.0,106.12,1601700.0,106.12,dia
2000-11-13,105.0,106.23,103.75,105.44,3009800.0,105.44,dia
2000-11-14,106.12,107.94,106.0,107.31,1831200.0,107.31,dia
2000-11-15,106.88,108.25,106.52,107.31,626600.0,107.31,dia
2000-11-16,106.78,107.88,106.44,106.62,908100.0,106.62,dia
2000-11-17,106.45,108.06,105.53,106.23,1289700.0,106.23,dia
2000-11-20,105.81,106.0,104.5,104.69,1087400.0,104.69,dia
2000-11-21,104.97,105.88,104.19,105.38,814700.0,105.38,dia
2000-11-22,104.62,105.12,103.75,103.88,1096100.0,103.88,dia
2000-11-24,104.98,105.25,104.56,105.06,535800.0,105.06,dia
2000-11-27,106.19,106.47,105.47,105.88,777600.0,105.88,dia
2000-11-28,105.5,106.38,104.94,105.28,1055900.0,105.28,dia
2000-11-29,105.53,106.69,105.06,105.97,1399600.0,105.97,dia
2000-11-30,105.25,105.94,102.88,104.41,1858100.0,104.41,dia
2000-12-01,104.94,105.38,103.41,103.81,2277400.0,103.81,dia
2000-12-04,103.12,106.22,103.09,106.0,1971200.0,106.0,dia
2000-12-05,107.0,109.36,106.62,108.94,2005200.0,108.94,dia
2000-12-06,108.52,108.86,106.27,106.72,1845800.0,106.72,dia
2000-12-07,106.62,107.12,105.78,105.98,895600.0,105.98,dia
2000-12-08,107.66,108.47,104.34,105.0,1716100.0,105.0,dia
2000-12-11,106.62,108.19,106.62,107.59,1062600.0,107.59,dia
2000-12-12,107.03,108.67,107.03,108.12,674400.0,108.12,dia
2000-12-13,108.92,109.44,107.83,108.06,813200.0,108.06,dia
2000-12-14,107.31,107.66,106.28,106.67,1236700.0,106.67,dia
2000-12-15,105.75,106.25,103.77,103.77,2226800.0,103.77,dia
2000-12-18,105.44,106.88,105.41,106.64,2609000.0,106.64,dia
2000-12-19,106.53,107.91,105.56,105.61,1550100.0,105.61,dia
2000-12-20,104.09,104.91,102.95,102.95,2399700.0,102.95,dia
2000-12-21,102.84,105.25,102.78,104.94,2460500.0,104.94,dia
2000-12-22,105.5,106.97,105.22,106.97,1894200.0,106.97,dia
2000-12-26,106.95,107.56,105.97,107.5,911300.0,107.5,dia
2000-12-27,107.0,108.44,106.31,108.44,1758700.0,108.44,dia
2000-12-28,107.94,109.0,107.72,108.75,1098100.0,108.75,dia
2000-12-29,109.16,109.16,106.78,106.78,1545200.0,106.78,dia
2001-01-02,107.19,107.75,105.59,106.41,1431300.0,106.41,dia
2001-01-03,106.41,112.5,105.62,109.53,4391600.0,109.53,dia
2001-01-03,106.41,112.5,105.62,109.53,4391600.0,109.53,dia
2001-01-04,109.14,110.41,108.75,109.23,1510600.0,109.23,dia
2001-01-05,108.19,108.41,106.25,106.28,1633300.0,106.28,dia
2001-01-08,106.0,107.12,105.12,106.31,1444200.0,106.31,dia
2001-01-09,106.94,106.97,105.16,105.44,1311000.0,105.44,dia
2001-01-10,105.12,106.59,104.59,106.59,1676200.0,106.59,dia
2001-01-11,106.38,106.53,105.25,105.94,1594200.0,105.94,dia
2001-01-12,105.53,106.25,104.62,105.34,1626800.0,105.34,dia
2001-01-16,105.25,106.78,104.81,106.44,1037000.0,106.44,dia
2001-01-17,107.23,107.38,105.45,105.97,2433700.0,105.97,dia
2001-01-18,106.31,107.48,105.59,106.72,1155800.0,106.72,dia
2001-01-19,107.12,107.12,105.56,105.56,1054500.0,105.56,dia
2001-01-22,105.75,106.44,105.06,106.12,851200.0,106.12,dia
2001-01-23,105.62,106.92,105.53,106.5,1327000.0,106.5,dia
2001-01-24,106.53,106.97,106.22,106.34,634300.0,106.34,dia
2001-01-25,106.69,107.94,106.44,107.31,1228900.0,107.31,dia
2001-01-26,107.12,107.59,106.19,106.62,1526600.0,106.62,dia
2001-01-29,106.61,107.36,106.15,107.1,608600.0,107.1,dia
2001-01-30,107.24,109.05,106.8,108.73,1197400.0,108.73,dia
2001-01-31,109.0,109.5,108.3,108.67,1740200.0,108.67,dia
2001-02-01,108.72,110.25,108.4,110.02,1732500.0,110.02,dia
2001-02-02,109.8,110.39,108.5,108.63,1936300.0,108.63,dia
2001-02-05,108.87,109.89,108.75,109.8,1497600.0,109.8,dia
2001-02-06,109.3,110.48,109.3,109.58,1184300.0,109.58,dia
2001-02-07,109.49,110.24,109.11,109.62,1709300.0,109.62,dia
2001-02-08,109.85,109.88,108.7,108.73,1199700.0,108.73,dia
2001-02-09,108.5,109.0,107.67,108.02,1509100.0,108.02,dia
2001-02-12,108.08,109.69,108.03,109.63,1267100.0,109.63,dia
2001-02-13,109.7,110.4,109.04,109.28,2354300.0,109.28,dia
2001-02-14,109.36,109.36,108.01,108.28,1781900.0,108.28,dia
2001-02-15,108.7,109.43,108.31,109.34,919600.0,109.34,dia
2001-02-16,107.78,108.54,107.21,108.15,1561400.0,108.15,dia
2001-02-20,108.4,109.1,107.31,107.45,1179800.0,107.45,dia
2001-02-21,107.15,107.49,105.1,105.3,1800300.0,105.3,dia
2001-02-22,105.6,105.85,103.8,105.65,2671200.0,105.65,dia
2001-02-23,105.1,105.2,103.0,104.55,2443800.0,104.55,dia
2001-02-26,104.9,106.7,104.26,106.7,1262100.0,106.7,dia
2001-02-27,106.28,107.2,105.6,106.6,2046000.0,106.6,dia
2001-02-28,106.75,107.1,104.27,105.0,2854400.0,105.0,dia
2001-03-01,104.45,105.1,103.11,104.68,2547100.0,104.68,dia
2001-03-02,103.52,105.99,103.01,104.8,2799600.0,104.8,dia
2001-03-05,105.25,105.89,104.89,105.57,1066500.0,105.57,dia
2001-03-06,106.5,107.14,105.81,106.15,1769900.0,106.15,dia
2001-03-07,106.8,107.6,106.3,107.45,2584400.0,107.45,dia
2001-03-08,107.01,108.78,107.01,108.61,2429500.0,108.61,dia
2001-03-09,108.0,108.0,105.75,106.15,3096700.0,106.15,dia
2001-03-12,105.45,105.52,101.4,101.9,4683500.0,101.9,dia
2001-03-13,102.55,103.25,101.1,102.86,6289400.0,102.86,dia
2001-03-14,100.25,102.3,99.13,100.19,9343600.0,100.19,dia
2001-03-15,101.24,101.32,99.9,100.4,3570500.0,100.4,dia
2001-03-16,99.65,100.61,98.15,98.38,4027400.0,98.38,dia
2001-03-19,98.91,100.0,97.91,99.75,4119800.0,99.75,dia
2001-03-20,100.05,100.7,96.84,96.96,4711700.0,96.96,dia
2001-03-21,96.96,97.32,94.5,94.8,7731700.0,94.8,dia
2001-03-22,94.5,95.04,91.0,93.45,12377900.0,93.45,dia
2001-03-23,94.49,95.49,93.3,95.3,6337600.0,95.3,dia
2001-03-26,96.0,97.45,95.79,97.2,5588000.0,97.2,dia
2001-03-27,96.7,99.6,96.4,99.19,6991100.0,99.19,dia
2001-03-28,98.4,98.73,97.0,97.66,5346800.0,97.66,dia
2001-03-29,97.05,98.97,96.8,98.14,5070400.0,98.14,dia
2001-03-30,98.32,99.29,97.55,99.14,4976400.0,99.14,dia
2001-04-02,98.4,99.97,97.02,97.39,8378400.0,97.39,dia
2001-04-03,97.05,97.2,94.25,94.3,6525400.0,94.3,dia
2001-04-04,94.5,96.65,93.76,95.31,5368800.0,95.31,dia
2001-04-05,97.24,99.49,97.1,99.39,5443500.0,99.39,dia
2001-04-06,98.5,98.8,97.05,98.2,5710200.0,98.2,dia
2001-04-09,99.44,99.49,97.71,98.82,3698000.0,98.82,dia
2001-04-10,98.3,101.79,98.3,100.97,8738700.0,100.97,dia
2001-04-11,102.49,102.5,99.6,100.18,4620500.0,100.18,dia
2001-04-12,99.5,101.73,99.0,101.7,3767800.0,101.7,dia
2001-04-16,101.0,101.97,100.5,100.98,2141100.0,100.98,dia
2001-04-17,100.77,102.45,100.71,102.25,3399200.0,102.25,dia
2001-04-18,103.25,107.45,103.11,106.42,8725200.0,106.42,dia
2001-04-19,106.4,107.23,105.7,107.18,3672200.0,107.18,dia
2001-04-20,106.0,106.65,105.26,105.95,2749100.0,105.95,dia
2001-04-23,105.35,105.85,104.8,105.15,2286900.0,105.15,dia
2001-04-24,105.61,106.48,104.45,104.8,2765300.0,104.8,dia
2001-04-25,105.1,106.55,104.45,106.46,2229400.0,106.46,dia
2001-04-26,106.7,107.79,106.29,107.02,2620700.0,107.02,dia
2001-04-27,107.65,108.29,107.1,108.23,3059500.0,108.23,dia
2001-04-30,108.49,109.12,107.1,107.22,3886300.0,107.22,dia
2001-05-01,107.45,109.1,107.2,109.0,3826700.0,109.0,dia
2001-05-02,109.05,109.49,107.96,108.69,4856300.0,108.69,dia
2001-05-03,108.0,108.19,107.27,108.14,3190000.0,108.14,dia
2001-05-04,106.95,110.42,106.77,109.8,5023400.0,109.8,dia
2001-05-07,109.45,110.03,108.95,109.22,2489100.0,109.22,dia
2001-05-08,109.64,109.64,108.2,108.81,3049000.0,108.81,dia
2001-05-09,108.3,109.32,108.1,108.61,2595500.0,108.61,dia
2001-05-10,109.74,109.95,109.11,109.26,2126700.0,109.26,dia
2001-05-11,109.11,109.37,107.84,108.53,3388900.0,108.53,dia
2001-05-14,108.35,108.99,108.11,108.99,2257800.0,108.99,dia
2001-05-15,109.1,109.75,108.14,109.22,3406600.0,109.22,dia
2001-05-16,108.4,112.65,108.35,112.46,8111900.0,112.46,dia
2001-05-17,112.4,113.64,112.15,112.88,5065100.0,112.88,dia
2001-05-18,112.55,113.17,112.06,113.15,3775000.0,113.15,dia
2001-05-21,113.0,113.6,112.15,113.3,4277800.0,113.3,dia
2001-05-22,113.45,113.45,112.47,112.67,3635200.0,112.67,dia
2001-05-23,112.3,112.5,111.06,111.1,3897200.0,111.1,dia
2001-05-24,111.45,111.85,110.55,111.28,2437700.0,111.28,dia
2001-05-25,111.35,111.35,110.01,110.15,2458500.0,110.15,dia
2001-05-29,110.45,110.8,109.76,110.41,2091100.0,110.41,dia
2001-05-30,110.02,110.59,108.65,109.0,2813400.0,109.0,dia
2001-05-31,109.25,109.93,108.75,109.08,2086500.0,109.08,dia
2001-06-01,109.5,110.45,108.4,110.45,2386800.0,110.45,dia
2001-06-04,110.25,110.92,109.5,110.67,1066100.0,110.67,dia
2001-06-05,110.7,112.18,110.45,111.96,1917900.0,111.96,dia
2001-06-06,111.85,111.94,110.5,111.05,2136700.0,111.05,dia
2001-06-07,110.45,111.12,110.15,110.91,2333800.0,110.91,dia
2001-06-08,110.8,110.8,109.35,109.75,1405400.0,109.75,dia
2001-06-11,109.55,109.85,108.8,109.35,2263500.0,109.35,dia
2001-06-12,108.69,110.0,107.95,109.53,2360800.0,109.53,dia
2001-06-13,109.75,110.25,108.76,108.81,2241300.0,108.81,dia
2001-06-14,108.35,108.35,106.53,106.6,3469400.0,106.6,dia
2001-06-15,106.4,107.29,105.65,106.7,4089700.0,106.7,dia
2001-06-18,106.4,107.2,106.2,107.0,2411000.0,107.0,dia
2001-06-19,107.25,107.56,105.65,106.18,3567100.0,106.18,dia
2001-06-20,105.95,107.14,105.67,106.73,3382800.0,106.73,dia
2001-06-21,106.35,107.75,106.0,107.14,3670400.0,107.14,dia
2001-06-22,106.95,106.95,105.8,106.24,1694300.0,106.24,dia
2001-06-25,106.57,106.6,104.77,105.06,2231200.0,105.06,dia
2001-06-26,104.6,105.5,104.01,104.62,2543100.0,104.62,dia
2001-06-27,104.88,105.4,104.06,104.5,1936500.0,104.5,dia
2001-06-28,105.07,106.83,105.0,105.69,2884200.0,105.69,dia
2001-06-29,105.85,106.2,105.16,105.24,1571400.0,105.24,dia
2001-07-02,104.78,106.58,104.55,106.21,1601700.0,106.21,dia
2001-07-03,105.95,106.05,105.35,106.05,640300.0,106.05,dia
2001-07-05,105.25,105.74,104.6,104.65,1015400.0,104.65,dia
2001-07-06,104.63,104.63,102.32,102.56,2670900.0,102.56,dia
2001-07-09,102.95,103.39,102.32,102.85,2739700.0,102.85,dia
2001-07-10,103.4,103.5,101.7,101.77,2076200.0,101.77,dia
2001-07-11,102.03,102.93,101.34,102.55,3519500.0,102.55,dia
2001-07-12,103.45,105.3,103.21,105.15,3069100.0,105.15,dia
2001-07-13,104.75,105.7,104.4,105.68,1200200.0,105.68,dia
2001-07-16,105.46,105.84,104.57,105.05,905900.0,105.05,dia
2001-07-17,104.6,106.49,104.45,106.15,1512100.0,106.15,dia
2001-07-18,105.35,106.09,104.9,105.6,2210400.0,105.6,dia
2001-07-19,106.78,107.0,105.4,106.4,1633900.0,106.4,dia
2001-07-20,105.55,106.07,105.35,105.8,1200200.0,105.8,dia
2001-07-23,106.22,106.33,103.75,103.9,1778000.0,103.9,dia
2001-07-24,103.8,104.17,102.0,102.65,2674100.0,102.65,dia
2001-07-25,102.7,104.24,102.57,103.95,2215700.0,103.95,dia
2001-07-26,103.7,104.74,102.85,104.64,2444500.0,104.64,dia
2001-07-27,104.55,104.7,103.81,104.35,1408900.0,104.35,dia
2001-07-30,104.65,104.65,103.63,104.07,820600.0,104.07,dia
2001-07-31,104.25,106.05,104.16,105.03,2735500.0,105.03,dia
2001-08-01,105.78,106.06,104.87,105.29,2078100.0,105.29,dia
2001-08-02,106.25,106.25,105.23,105.6,1674900.0,105.6,dia
2001-08-03,105.7,105.7,104.36,105.38,1940700.0,105.38,dia
2001-08-06,105.0,105.08,103.85,103.93,1524200.0,103.93,dia
2001-08-07,104.1,104.88,103.73,104.56,2498300.0,104.56,dia
2001-08-08,104.19,104.93,102.7,102.96,3968900.0,102.96,dia
2001-08-09,102.99,103.25,102.13,103.15,3782500.0,103.15,dia
2001-08-10,102.93,104.46,102.02,104.23,4478500.0,104.23,dia
2001-08-13,104.2,104.55,103.75,104.19,2793100.0,104.19,dia
2001-08-14,104.5,104.97,103.97,104.31,1316800.0,104.31,dia
2001-08-15,104.31,104.84,103.51,103.57,2344500.0,103.57,dia
2001-08-16,103.32,104.25,102.89,104.25,3584500.0,104.25,dia
2001-08-17,103.15,103.62,101.88,102.5,3366400.0,102.5,dia
2001-08-20,102.4,103.65,102.15,103.58,1952100.0,103.58,dia
2001-08-21,103.5,103.89,101.46,101.5,3737400.0,101.5,dia
2001-08-22,102.2,103.23,101.45,102.88,5626700.0,102.88,dia
2001-08-23,102.65,103.04,102.23,102.45,2252600.0,102.45,dia
2001-08-24,102.75,104.69,102.38,104.63,2781700.0,104.63,dia
2001-08-27,104.5,104.61,103.91,103.91,2568200.0,103.91,dia
2001-08-28,103.99,103.99,102.25,102.32,2790100.0,102.32,dia
2001-08-29,102.7,102.86,100.9,101.19,3075700.0,101.19,dia
2001-08-30,100.54,101.46,98.83,99.26,5672500.0,99.26,dia
2001-08-31,99.4,100.67,99.07,99.88,3649400.0,99.88,dia
2001-09-04,99.7,102.07,99.36,99.97,8605200.0,99.97,dia
2001-09-05,100.0,100.95,99.01,100.56,7023100.0,100.56,dia
2001-09-06,99.8,100.2,98.33,98.35,5792900.0,98.35,dia
2001-09-07,97.61,98.23,95.7,95.85,10455600.0,95.85,dia
2001-09-10,95.17,96.96,95.05,96.45,8724000.0,96.45,dia
2001-09-17,90.5,92.3,88.95,89.1,13160800.0,89.1,dia
2001-09-18,89.75,90.5,88.2,89.4,6801800.0,89.4,dia
2001-09-19,89.43,89.8,84.9,87.47,9959200.0,87.47,dia
2001-09-20,86.5,86.9,83.5,83.65,10074800.0,83.65,dia
2001-09-21,80.05,85.0,79.5,82.8,12466100.0,82.8,dia
2001-09-24,85.46,87.25,84.5,86.2,7861600.0,86.2,dia
2001-09-25,86.25,87.2,85.05,86.9,7292200.0,86.9,dia
2001-09-26,87.39,87.5,85.3,86.05,3889700.0,86.05,dia
2001-09-27,86.0,87.0,84.8,86.75,4541900.0,86.75,dia
2001-09-28,87.25,88.74,87.05,88.35,8088600.0,88.35,dia
2001-10-01,87.85,88.7,87.35,88.68,5437100.0,88.68,dia
2001-10-02,88.32,89.71,88.04,89.7,4809200.0,89.7,dia
2001-10-03,88.75,91.65,88.65,91.2,7703500.0,91.2,dia
2001-10-04,91.9,91.98,90.4,90.9,8142400.0,90.9,dia
2001-10-05,90.5,91.5,89.57,91.12,8065800.0,91.12,dia
2001-10-08,90.2,91.62,90.05,90.7,4751100.0,90.7,dia
2001-10-09,90.99,91.1,90.15,90.63,2571600.0,90.63,dia
2001-10-10,90.2,92.79,90.07,92.55,6832600.0,92.55,dia
2001-10-11,93.1,94.55,92.95,94.3,11622900.0,94.3,dia
2001-10-12,93.2,93.99,92.0,93.59,6272900.0,93.59,dia
2001-10-15,93.0,93.7,92.47,93.57,3771000.0,93.57,dia
2001-10-16,93.9,94.3,93.03,93.95,4430800.0,93.95,dia
2001-10-17,95.1,95.18,92.01,92.01,10812800.0,92.01,dia
2001-10-18,92.25,92.57,91.45,91.99,2814700.0,91.99,dia
2001-10-19,91.65,92.35,90.85,91.9,3400400.0,91.9,dia
2001-10-22,91.9,94.15,91.7,94.05,3785700.0,94.05,dia
2001-10-23,94.4,94.54,92.8,93.6,3750000.0,93.6,dia
2001-10-24,93.65,94.02,92.85,93.45,2820900.0,93.45,dia
2001-10-25,92.5,94.99,91.74,94.98,3761100.0,94.98,dia
2001-10-26,94.43,96.1,94.25,95.24,3590100.0,95.24,dia
2001-10-29,95.05,95.53,92.01,93.06,2978600.0,93.06,dia
2001-10-30,92.1,92.15,90.68,91.15,4081100.0,91.15,dia
2001-10-31,91.92,92.43,90.56,90.68,4713100.0,90.68,dia
2001-11-01,91.15,92.99,90.15,92.5,3973700.0,92.5,dia
2001-11-02,92.5,93.57,92.12,93.41,2640700.0,93.41,dia
2001-11-05,94.25,94.87,94.1,94.5,2214900.0,94.5,dia
2001-11-06,94.25,96.15,93.85,96.15,2999500.0,96.15,dia
2001-11-07,95.38,96.6,95.27,95.75,2936200.0,95.75,dia
2001-11-08,96.3,97.4,95.66,96.23,3923600.0,96.23,dia
2001-11-09,95.77,96.5,95.28,96.31,2561600.0,96.31,dia
2001-11-12,95.2,96.12,94.0,95.53,4115600.0,95.53,dia
2001-11-13,96.79,97.85,96.61,97.8,3968500.0,97.8,dia
2001-11-14,98.45,98.89,97.58,98.55,2751200.0,98.55,dia
2001-11-15,98.3,99.25,98.21,99.14,3505400.0,99.14,dia
2001-11-16,99.16,99.34,98.01,98.87,3941400.0,98.87,dia
2001-11-19,99.45,100.14,98.9,100.1,2768400.0,100.1,dia
2001-11-20,99.7,99.99,99.05,99.13,3297100.0,99.13,dia
2001-11-21,99.1,99.1,98.12,98.4,3139500.0,98.4,dia
2001-11-23,98.55,99.95,98.45,99.9,869600.0,99.9,dia
2001-11-26,99.95,100.15,99.1,99.8,2246500.0,99.8,dia
2001-11-27,99.5,100.14,98.41,98.92,4976100.0,98.92,dia
2001-11-28,98.42,98.49,97.16,97.3,3195300.0,97.3,dia
2001-11-29,97.55,98.81,97.06,98.8,2579300.0,98.8,dia
2001-11-30,98.42,99.15,98.1,98.59,3412300.0,98.59,dia
2001-12-03,98.1,98.86,97.21,97.8,1778600.0,97.8,dia
2001-12-04,98.3,99.45,97.58,99.45,2581000.0,99.45,dia
2001-12-05,99.73,101.7,99.6,101.2,2930300.0,101.2,dia
2001-12-06,101.22,101.95,101.0,101.3,3501200.0,101.3,dia
2001-12-07,100.82,101.24,100.17,100.9,3853800.0,100.9,dia
2001-12-10,100.35,101.0,99.34,99.4,2324600.0,99.4,dia
2001-12-11,99.79,100.49,98.8,99.05,3324300.0,99.05,dia
2001-12-12,99.4,99.65,98.11,99.23,3114800.0,99.23,dia
2001-12-13,98.3,98.79,97.52,97.6,2964600.0,97.6,dia
2001-12-14,97.81,98.79,97.6,98.6,3615500.0,98.6,dia
2001-12-17,98.35,99.6,98.34,99.3,2434500.0,99.3,dia
2001-12-18,99.86,100.4,99.61,100.4,1491800.0,100.4,dia
2001-12-19,99.6,101.17,99.36,101.16,2250300.0,101.16,dia
2001-12-20,100.8,101.07,100.1,100.21,2226500.0,100.21,dia
2001-12-21,100.55,100.77,100.01,100.5,2940000.0,100.5,dia
2001-12-24,100.52,100.78,100.4,100.49,371500.0,100.49,dia
2001-12-26,100.49,101.8,100.46,101.13,1458700.0,101.13,dia
2001-12-27,101.12,101.55,100.89,101.49,1843200.0,101.49,dia
2001-12-28,101.7,101.94,101.15,101.16,1375200.0,101.16,dia
2001-12-31,101.34,101.47,99.65,99.8,1545800.0,99.8,dia
2002-01-02,100.48,100.9,99.4,100.85,2831600.0,100.85,dia
2002-01-03,100.8,101.99,100.63,101.95,1460600.0,101.95,dia
2002-01-03,100.8,101.99,100.63,101.95,1460600.0,101.95,dia
2002-01-04,102.36,102.95,102.02,102.82,2282400.0,102.82,dia
2002-01-07,102.87,103.14,101.89,102.14,2482100.0,102.14,dia
2002-01-08,101.8,102.25,101.3,101.74,5034000.0,101.74,dia
2002-01-09,101.95,102.99,100.72,100.86,3562700.0,100.86,dia
2002-01-10,100.95,101.16,100.4,100.9,2561900.0,100.9,dia
2002-01-11,100.92,101.1,99.85,100.07,2468800.0,100.07,dia
2002-01-14,99.74,99.86,98.91,99.15,3452100.0,99.15,dia
2002-01-15,99.35,99.98,98.5,99.5,2976600.0,99.5,dia
2002-01-16,98.6,98.88,97.04,97.14,5136100.0,97.14,dia
2002-01-17,97.85,98.75,97.52,98.23,3437300.0,98.23,dia
2002-01-18,97.48,98.38,97.0,97.9,3444600.0,97.9,dia
2002-01-22,98.34,98.55,97.0,97.28,1946800.0,97.28,dia
2002-01-23,97.45,97.83,96.88,97.4,3672000.0,97.4,dia
2002-01-24,97.94,98.66,97.76,98.08,3954400.0,98.08,dia
2002-01-25,97.66,99.06,97.57,98.48,3241100.0,98.48,dia
2002-01-28,98.86,99.5,98.01,98.88,1580800.0,98.88,dia
2002-01-29,98.95,99.21,96.08,96.19,4640500.0,96.19,dia
2002-01-30,96.5,97.88,95.3,97.84,6094200.0,97.84,dia
2002-01-31,98.05,99.31,97.79,99.24,3906100.0,99.24,dia
2002-02-01,99.11,99.56,98.64,99.28,3633300.0,99.28,dia
2002-02-04,99.1,99.1,96.78,97.0,6931500.0,97.0,dia
2002-02-05,96.55,97.84,96.1,96.8,5744900.0,96.8,dia
2002-02-06,97.03,97.48,96.15,96.63,4381100.0,96.63,dia
2002-02-07,96.73,97.6,96.15,96.17,2941300.0,96.17,dia
2002-02-08,96.6,97.72,95.85,97.62,4369700.0,97.62,dia
2002-02-11,97.6,99.11,97.34,98.85,2125200.0,98.85,dia
2002-02-12,98.46,99.24,98.2,98.79,1340900.0,98.79,dia
2002-02-13,99.16,100.19,99.0,100.05,3348600.0,100.05,dia
2002-02-14,100.4,100.79,99.75,100.3,6421500.0,100.3,dia
2002-02-15,100.1,100.18,99.03,99.15,3318000.0,99.15,dia
2002-02-19,98.6,98.9,97.37,97.52,3673300.0,97.52,dia
2002-02-20,97.97,99.92,97.4,99.82,7170500.0,99.82,dia
2002-02-21,99.37,100.46,98.35,98.38,10805400.0,98.38,dia
2002-02-22,98.5,100.25,98.05,99.98,8219900.0,99.98,dia
2002-02-25,100.06,101.94,99.98,101.61,8753000.0,101.61,dia
2002-02-26,101.75,102.1,100.35,101.12,12723900.0,101.12,dia
2002-02-27,101.9,102.7,100.65,101.65,7871100.0,101.65,dia
2002-02-28,101.85,102.61,101.1,101.1,5236400.0,101.1,dia
2002-03-01,101.79,104.0,101.4,103.84,8257900.0,103.84,dia
2002-03-04,104.2,106.25,104.08,105.92,8155100.0,105.92,dia
2002-03-05,105.35,106.2,104.34,104.78,10690100.0,104.78,dia
2002-03-06,104.78,104.78,104.78,104.78,10690100.0,104.78,dia
2002-03-07,106.49,106.5,104.85,105.62,7660000.0,105.62,dia
2002-03-08,106.49,106.89,105.5,105.99,6273900.0,105.99,dia
2002-03-11,105.75,106.72,105.33,106.11,4380700.0,106.11,dia
2002-03-12,105.28,108.45,105.13,106.63,7473200.0,106.63,dia
2002-03-13,105.97,106.18,104.9,105.32,9716100.0,105.32,dia
2002-03-14,105.33,105.79,104.96,105.38,5167500.0,105.38,dia
2002-03-15,105.5,106.18,105.17,106.15,9809500.0,106.15,dia
2002-03-18,106.35,106.78,105.27,105.65,4841900.0,105.65,dia
2002-03-19,106.4,106.85,106.0,106.69,9898600.0,106.69,dia
2002-03-20,105.93,105.93,104.93,104.94,5341000.0,104.94,dia
2002-03-21,105.0,105.08,103.61,104.57,10308000.0,104.57,dia
2002-03-22,104.76,105.04,103.96,104.23,4532100.0,104.23,dia
2002-03-25,104.19,104.59,102.84,103.0,5586800.0,103.0,dia
2002-03-26,102.86,104.43,102.8,103.77,4523400.0,103.77,dia
2002-03-27,103.55,104.65,103.4,104.3,5882300.0,104.3,dia
2002-03-28,104.6,105.12,103.7,103.71,4017400.0,103.71,dia
2002-04-01,103.36,103.9,102.67,103.36,6315300.0,103.36,dia
2002-04-02,102.98,103.35,102.68,103.16,3116500.0,103.16,dia
2002-04-03,103.56,103.56,101.45,102.34,7729500.0,102.34,dia
2002-04-04,101.95,102.78,101.63,102.23,8979000.0,102.23,dia
2002-04-05,103.02,103.48,102.24,102.94,7337000.0,102.94,dia
2002-04-08,101.3,102.76,101.1,102.7,4362100.0,102.7,dia
2002-04-09,103.17,103.23,102.06,102.27,7836500.0,102.27,dia
2002-04-10,102.42,104.13,102.16,103.9,7366300.0,103.9,dia
2002-04-11,103.43,103.82,101.5,101.75,4369800.0,101.75,dia
2002-04-12,102.4,102.55,101.51,101.99,5840000.0,101.99,dia
2002-04-15,102.22,102.44,100.75,101.02,5106700.0,101.02,dia
2002-04-16,102.27,103.23,102.02,103.14,2564100.0,103.14,dia
2002-04-17,103.42,103.42,102.0,102.41,2491700.0,102.41,dia
2002-04-18,102.4,102.75,100.62,101.98,5794600.0,101.98,dia
2002-04-19,102.85,102.91,102.2,102.6,2305200.0,102.6,dia
2002-04-22,102.2,102.46,101.11,101.38,3824800.0,101.38,dia
2002-04-23,101.55,101.88,100.72,101.12,4101400.0,101.12,dia
2002-04-24,101.12,101.74,100.2,100.25,2805600.0,100.25,dia
2002-04-25,100.0,100.92,99.3,100.5,4893600.0,100.5,dia
2002-04-26,100.9,100.97,98.67,98.84,4169700.0,98.84,dia
2002-04-29,99.35,99.5,98.13,98.2,4582600.0,98.2,dia
2002-04-30,98.67,100.2,98.28,99.49,3778600.0,99.49,dia
2002-05-01,99.64,101.06,98.35,100.94,8551600.0,100.94,dia
2002-05-02,100.69,101.35,100.41,101.06,2515900.0,101.06,dia
2002-05-03,100.73,100.89,99.45,99.96,4588300.0,99.96,dia
2002-05-06,99.96,100.34,97.91,98.1,4551700.0,98.1,dia
2002-05-07,98.84,99.39,98.08,98.2,5426200.0,98.2,dia
2002-05-08,99.89,101.7,99.81,101.28,4812300.0,101.28,dia
2002-05-09,101.06,101.58,100.25,100.5,3587800.0,100.5,dia
2002-05-10,100.72,100.79,99.28,99.49,4634500.0,99.49,dia
2002-05-13,99.92,101.25,99.33,101.24,4028200.0,101.24,dia
2002-05-14,102.75,103.21,102.15,103.1,4397100.0,103.1,dia
2002-05-15,102.66,103.73,102.39,102.93,3673200.0,102.93,dia
2002-05-16,102.64,103.41,97.99,103.18,2356200.0,103.18,dia
2002-05-17,103.22,103.64,102.64,103.43,2303400.0,103.43,dia
2002-05-20,103.08,103.18,102.17,102.49,2863600.0,102.49,dia
2002-05-21,102.8,102.95,100.92,101.38,2195900.0,101.38,dia
2002-05-22,101.01,101.75,100.72,101.59,2480100.0,101.59,dia
2002-05-23,102.0,102.43,101.0,102.26,2506400.0,102.26,dia
2002-05-24,102.0,102.4,100.92,101.02,1920300.0,101.02,dia
2002-05-28,101.34,101.35,99.76,100.14,2505300.0,100.14,dia
2002-05-29,99.66,100.06,99.31,99.35,2759700.0,99.35,dia
2002-05-30,98.96,99.71,98.21,99.34,5221900.0,99.34,dia
2002-05-31,99.85,100.66,99.0,99.25,4743800.0,99.25,dia
2002-06-03,99.28,100.11,96.91,96.95,5588900.0,96.95,dia
2002-06-04,96.98,97.7,96.11,97.11,5579900.0,97.11,dia
2002-06-05,97.28,98.3,97.1,98.23,3744400.0,98.23,dia
2002-06-06,98.12,98.2,96.15,96.53,4836400.0,96.53,dia
2002-06-07,95.32,96.65,94.87,96.22,5885900.0,96.22,dia
2002-06-10,96.25,97.39,95.74,96.69,3818900.0,96.69,dia
2002-06-11,97.15,97.85,95.25,95.37,4204300.0,95.37,dia
2002-06-12,95.14,96.62,94.68,96.49,4788200.0,96.49,dia
2002-06-13,96.06,96.56,95.1,95.38,3774500.0,95.38,dia
2002-06-14,94.01,95.14,92.56,95.0,7068900.0,95.0,dia
2002-06-17,95.55,97.2,95.4,97.07,3769200.0,97.07,dia
2002-06-18,96.75,98.0,96.58,97.95,2661900.0,97.95,dia
2002-06-19,96.51,97.68,94.91,95.81,6930600.0,95.81,dia
2002-06-20,95.64,96.12,94.42,94.47,5497400.0,94.47,dia
2002-06-21,93.77,94.41,92.15,92.82,4554700.0,92.82,dia
2002-06-24,92.02,94.0,90.82,93.15,6741800.0,93.15,dia
2002-06-25,93.74,94.5,91.05,91.17,7856200.0,91.17,dia
2002-06-26,89.36,91.99,89.05,91.23,7562400.0,91.23,dia
2002-06-27,92.16,92.88,90.3,92.86,6797000.0,92.86,dia
2002-06-28,92.62,93.79,92.43,92.53,3956500.0,92.53,dia
2002-07-01,92.67,93.37,91.0,91.06,4071200.0,91.06,dia
2002-07-02,91.04,91.58,89.7,90.25,8215300.0,90.25,dia
2002-07-03,89.8,90.92,89.1,90.63,7733000.0,90.63,dia
2002-07-05,91.6,94.2,91.49,94.17,2897300.0,94.17,dia
2002-07-08,93.65,94.19,92.5,92.96,4138300.0,92.96,dia
2002-07-09,92.78,93.49,90.91,91.19,5153300.0,91.19,dia
2002-07-10,91.55,91.6,88.0,88.3,8939400.0,88.3,dia
2002-07-11,87.61,88.8,86.17,88.14,10031200.0,88.14,dia
2002-07-12,88.5,88.7,86.11,86.65,8303200.0,86.65,dia
2002-07-15,86.41,86.9,82.5,86.79,19592500.0,86.79,dia
2002-07-16,85.5,86.56,84.16,85.05,11673800.0,85.05,dia
2002-07-17,86.62,87.5,84.55,85.46,9622500.0,85.46,dia
2002-07-18,85.56,86.45,83.76,83.85,7993000.0,83.85,dia
2002-07-19,82.6,83.1,79.6,80.0,15985600.0,80.0,dia
2002-07-22,79.37,81.49,77.1,78.06,24551600.0,78.06,dia
2002-07-23,78.33,79.21,76.76,77.17,21540500.0,77.17,dia
2002-07-24,75.75,82.5,75.28,82.1,24678000.0,82.1,dia
2002-07-25,81.75,83.2,79.25,81.78,20918900.0,81.78,dia
2002-07-26,82.55,82.95,81.16,82.85,9237600.0,82.85,dia
2002-07-29,84.4,87.38,84.28,86.72,14694200.0,86.72,dia
2002-07-30,86.35,87.75,85.41,87.05,15045200.0,87.05,dia
2002-07-31,86.63,87.39,85.4,87.15,10432300.0,87.15,dia
2002-08-01,86.86,87.27,84.76,84.87,12663900.0,84.87,dia
2002-08-02,84.7,85.15,82.03,83.2,12910400.0,83.2,dia
2002-08-05,82.9,83.25,80.3,80.47,8546900.0,80.47,dia
2002-08-06,82.05,84.33,81.85,83.0,12067200.0,83.0,dia
2002-08-07,84.01,84.85,82.25,84.65,12673300.0,84.65,dia
2002-08-08,85.08,87.35,84.34,87.25,14168600.0,87.25,dia
2002-08-09,86.55,88.24,85.82,87.6,12653400.0,87.6,dia
2002-08-12,86.38,87.49,85.98,86.99,8880300.0,86.99,dia
2002-08-13,86.54,87.69,84.72,84.95,11702400.0,84.95,dia
2002-08-14,85.0,87.85,83.7,87.47,15127900.0,87.47,dia
2002-08-15,88.05,88.88,87.03,88.33,15050200.0,88.33,dia
2002-08-16,87.82,88.56,87.12,87.73,8809600.0,87.73,dia
2002-08-19,87.53,90.13,87.5,89.92,9551800.0,89.92,dia
2002-08-20,89.45,89.64,88.25,89.0,10018300.0,89.0,dia
2002-08-21,89.6,90.0,88.01,89.95,11900500.0,89.95,dia
2002-08-22,89.57,91.0,89.35,90.63,8934200.0,90.63,dia
2002-08-23,90.04,91.0,88.4,88.72,7930700.0,88.72,dia
2002-08-26,89.1,89.73,87.6,89.33,8033200.0,89.33,dia
2002-08-27,89.8,90.44,87.95,88.5,9278100.0,88.5,dia
2002-08-28,88.0,88.0,86.58,87.08,8101600.0,87.08,dia
2002-08-29,86.18,87.64,85.06,86.75,9017700.0,86.75,dia
2002-08-30,86.5,88.04,86.05,86.52,9417400.0,86.52,dia
2002-09-03,85.5,85.66,83.11,83.16,11947800.0,83.16,dia
2002-09-04,83.45,84.79,82.95,84.14,11647200.0,84.14,dia
2002-09-05,82.95,83.99,82.15,83.4,13415300.0,83.4,dia
2002-09-06,83.5,85.0,83.5,84.52,9103100.0,84.52,dia
2002-09-09,84.1,85.83,83.3,85.18,8240800.0,85.18,dia
2002-09-10,85.6,86.5,85.18,86.49,8891100.0,86.49,dia
2002-09-11,87.4,87.99,85.68,85.68,6596600.0,85.68,dia
2002-09-12,85.2,85.42,83.74,84.14,7001300.0,84.14,dia
2002-09-13,83.15,83.87,82.7,83.53,9474300.0,83.53,dia
2002-09-16,83.05,84.22,82.75,84.15,5939100.0,84.15,dia
2002-09-17,85.45,85.5,82.0,82.16,12774500.0,82.16,dia
2002-09-18,81.5,82.9,80.77,81.42,11527500.0,81.42,dia
2002-09-19,80.34,81.49,79.49,79.64,12671000.0,79.64,dia
2002-09-20,79.99,81.25,79.2,79.67,9292300.0,79.67,dia
2002-09-23,79.0,79.23,75.0,78.8,9061800.0,78.8,dia
2002-09-24,77.8,78.8,76.6,77.07,15105600.0,77.07,dia
2002-09-25,78.07,79.09,76.65,78.66,11729100.0,78.66,dia
2002-09-26,79.4,80.27,78.61,79.81,10657700.0,79.81,dia
2002-09-27,79.35,79.5,76.85,76.85,10568700.0,76.85,dia
2002-09-30,76.1,76.96,74.6,76.0,17129400.0,76.0,dia
2002-10-01,76.62,80.2,75.95,80.0,15351200.0,80.0,dia
2002-10-02,79.16,79.88,77.29,77.92,13531600.0,77.92,dia
2002-10-03,78.0,79.4,77.0,77.38,13518300.0,77.38,dia
2002-10-04,77.54,78.28,74.81,75.96,16643800.0,75.96,dia
2002-10-07,75.0,76.65,74.14,74.74,13316500.0,74.74,dia
2002-10-08,75.4,76.5,73.4,75.39,21100700.0,75.39,dia
2002-10-09,74.5,74.74,72.9,73.12,20727500.0,73.12,dia
2002-10-10,73.29,75.8,72.03,75.42,20974000.0,75.42,dia
2002-10-11,76.23,79.21,76.23,78.99,23254300.0,78.99,dia
2002-10-14,78.26,79.4,77.58,78.94,12469900.0,78.94,dia
2002-10-15,80.6,82.85,80.6,82.8,16287700.0,82.8,dia
2002-10-16,81.7,82.1,80.22,80.8,16987700.0,80.8,dia
2002-10-17,82.78,83.7,82.3,82.84,12663300.0,82.84,dia
2002-10-18,82.43,83.48,81.49,83.1,10782000.0,83.1,dia
2002-10-21,82.63,85.64,82.34,85.42,13767600.0,85.42,dia
2002-10-22,84.5,85.31,83.8,84.73,10683400.0,84.73,dia
2002-10-23,84.08,85.31,83.0,85.23,11750900.0,85.23,dia
2002-10-24,84.95,85.89,82.78,83.03,12032300.0,83.03,dia
2002-10-25,83.27,84.69,82.55,84.63,11991900.0,84.63,dia
2002-10-28,85.33,85.8,83.3,84.03,8751100.0,84.03,dia
2002-10-29,83.63,84.2,81.85,83.71,13859800.0,83.71,dia
2002-10-30,83.91,84.78,83.16,84.35,9815100.0,84.35,dia
2002-10-31,84.49,85.15,83.43,83.75,10091800.0,83.75,dia
2002-11-01,83.64,85.61,83.2,85.3,9328500.0,85.3,dia
2002-11-04,86.35,87.5,85.6,85.7,12178600.0,85.7,dia
2002-11-05,85.58,87.06,85.5,86.9,10689200.0,86.9,dia
2002-11-06,87.7,88.15,85.91,88.05,17247100.0,88.05,dia
2002-11-07,87.32,87.38,85.55,86.05,9552800.0,86.05,dia
2002-11-08,86.09,86.94,85.11,85.28,9325400.0,85.28,dia
2002-11-11,85.24,85.24,83.61,83.96,7203600.0,83.96,dia
2002-11-12,84.4,85.34,83.8,84.3,9169500.0,84.3,dia
2002-11-13,83.77,85.24,83.18,84.6,16807900.0,84.6,dia
2002-11-14,85.11,86.0,84.74,85.65,8367300.0,85.65,dia
2002-11-15,84.75,85.98,84.45,85.88,7217000.0,85.88,dia
2002-11-18,86.42,86.55,84.9,84.91,5582200.0,84.91,dia
2002-11-19,84.8,85.59,84.15,85.06,6013700.0,85.06,dia
2002-11-20,84.91,86.97,84.56,86.93,8272300.0,86.93,dia
2002-11-21,87.0,88.84,86.75,88.74,9265100.0,88.74,dia
2002-11-22,87.0,88.99,87.0,88.19,7687100.0,88.19,dia
2002-11-25,88.49,88.95,87.72,88.48,6274400.0,88.48,dia
2002-11-26,88.35,88.65,86.85,86.9,5775600.0,86.9,dia
2002-11-27,87.34,89.65,87.34,89.53,8208600.0,89.53,dia
2002-11-29,89.65,89.8,88.7,88.95,2974200.0,88.95,dia
2002-12-02,90.21,90.66,88.03,88.87,8805700.0,88.87,dia
2002-12-03,88.84,88.84,87.42,87.93,6882000.0,87.93,dia
2002-12-04,87.35,88.4,86.7,87.75,9845200.0,87.75,dia
2002-12-05,88.2,88.41,86.29,86.62,6859700.0,86.62,dia
2002-12-06,86.21,87.04,85.1,86.83,9257300.0,86.83,dia
2002-12-09,86.18,86.26,84.76,84.76,5509600.0,84.76,dia
2002-12-10,85.33,86.01,84.92,85.75,6045600.0,85.75,dia
2002-12-11,85.68,86.5,85.13,85.99,5590300.0,85.99,dia
2002-12-12,85.51,86.4,85.26,85.65,5135100.0,85.65,dia
2002-12-13,84.7,85.45,84.37,84.37,6398000.0,84.37,dia
2002-12-16,85.0,86.7,84.78,86.7,5567000.0,86.7,dia
2002-12-17,86.4,86.69,85.48,85.57,4080900.0,85.57,dia
2002-12-18,85.25,85.29,84.36,84.8,6635200.0,84.8,dia
2002-12-19,84.55,85.38,83.56,84.01,7213500.0,84.01,dia
2002-12-20,84.4,85.36,83.67,85.35,4621300.0,85.35,dia
2002-12-23,84.83,85.99,84.68,85.14,4620500.0,85.14,dia
2002-12-24,84.7,84.99,84.47,84.63,1416500.0,84.63,dia
2002-12-26,84.75,85.7,84.1,84.55,2923400.0,84.55,dia
2002-12-27,84.28,84.6,82.92,82.96,5870700.0,82.96,dia
2002-12-30,83.4,83.79,82.65,83.35,5707000.0,83.35,dia
2002-12-31,83.45,83.73,82.48,83.51,5494200.0,83.51,dia
2003-01-02,84.17,86.36,83.94,86.18,7320800.0,86.18,dia
2003-01-03,86.13,86.54,85.62,86.36,4554300.0,86.36,dia
2003-01-03,86.13,86.54,85.62,86.36,4554300.0,86.36,dia
2003-01-06,86.38,88.17,86.25,87.67,6007900.0,87.67,dia
2003-01-07,87.6,88.23,87.2,87.72,6677200.0,87.72,dia
2003-01-08,87.4,87.4,85.91,86.17,9153300.0,86.17,dia
2003-01-09,86.56,88.02,86.51,87.78,8725000.0,87.78,dia
2003-01-10,88.03,88.38,86.7,87.99,7328800.0,87.99,dia
2003-01-13,88.85,89.01,87.58,88.09,6192000.0,88.09,dia
2003-01-14,88.3,88.58,87.59,88.44,3988200.0,88.44,dia
2003-01-15,88.47,88.7,87.15,87.68,5460400.0,87.68,dia
2003-01-16,87.6,88.23,86.87,87.3,6246800.0,87.3,dia
2003-01-17,86.52,86.95,85.67,86.11,6301100.0,86.11,dia
2003-01-21,85.92,86.4,84.45,84.68,6385800.0,84.68,dia
2003-01-22,84.18,84.54,83.15,83.36,8148200.0,83.36,dia
2003-01-23,83.8,84.03,82.69,83.44,9000200.0,83.44,dia
2003-01-24,83.29,83.43,81.18,81.4,10025100.0,81.4,dia
2003-01-27,80.22,81.8,79.61,80.15,10423100.0,80.15,dia
2003-01-28,80.15,81.28,80.04,80.76,7326600.0,80.76,dia
2003-01-29,79.92,81.72,79.52,81.08,11974600.0,81.08,dia
2003-01-30,81.34,81.57,79.3,79.3,9982100.0,79.3,dia
2003-01-31,79.75,81.03,79.1,80.84,10132800.0,80.84,dia
2003-02-03,81.34,81.63,80.82,81.12,5421800.0,81.12,dia
2003-02-04,80.64,80.8,79.4,80.48,6564700.0,80.48,dia
2003-02-05,80.29,81.69,79.6,80.12,9247500.0,80.12,dia
2003-02-06,80.0,80.15,79.0,79.67,8681600.0,79.67,dia
2003-02-07,79.92,80.6,78.4,78.85,7526600.0,78.85,dia
2003-02-10,79.19,79.53,78.1,79.43,7182400.0,79.43,dia
2003-02-11,79.87,80.02,78.2,78.7,7730500.0,78.7,dia
2003-02-12,78.57,78.84,77.71,77.73,6707800.0,77.73,dia
2003-02-13,77.98,78.17,76.52,78.02,8470000.0,78.02,dia
2003-02-14,77.92,79.65,77.47,79.6,10443500.0,79.6,dia
2003-02-18,80.0,81.05,79.6,80.85,8325600.0,80.85,dia
2003-02-19,80.51,80.73,79.7,80.54,5282300.0,80.54,dia
2003-02-20,80.99,80.99,79.28,79.62,5122300.0,79.62,dia
2003-02-21,79.51,80.55,78.55,80.24,7718100.0,80.24,dia
2003-02-24,79.98,79.98,78.6,78.71,6654500.0,78.71,dia
2003-02-25,78.19,79.4,77.22,79.33,8019700.0,79.33,dia
2003-02-26,78.96,79.39,78.04,78.26,6309100.0,78.26,dia
2003-02-27,78.4,79.46,77.9,79.04,9848400.0,79.04,dia
2003-02-28,79.12,79.78,78.62,79.31,9112800.0,79.31,dia
2003-03-03,79.78,79.94,78.33,78.59,7068400.0,78.59,dia
2003-03-04,78.12,78.47,77.2,77.26,5102100.0,77.26,dia
2003-03-05,77.28,77.89,76.75,77.84,7537200.0,77.84,dia
2003-03-06,77.55,77.9,76.73,76.87,7968100.0,76.87,dia
2003-03-07,76.23,77.58,75.78,77.55,11757800.0,77.55,dia
2003-03-10,76.99,77.11,75.67,75.78,7163300.0,75.78,dia
2003-03-11,76.19,76.57,75.23,75.35,8446300.0,75.35,dia
2003-03-12,75.34,76.18,74.31,75.75,10182800.0,75.75,dia
2003-03-13,76.11,78.5,76.08,78.44,12435400.0,78.44,dia
2003-03-14,79.19,79.55,78.15,78.96,12854800.0,78.96,dia
2003-03-17,78.4,81.75,77.86,81.46,14553200.0,81.46,dia
2003-03-18,82.53,82.6,81.1,82.14,11112400.0,82.14,dia
2003-03-19,82.55,83.0,81.6,82.92,9219100.0,82.92,dia
2003-03-20,82.72,83.45,81.47,83.12,14721800.0,83.12,dia
2003-03-21,83.72,85.36,83.3,85.13,16986500.0,85.13,dia
2003-03-24,83.75,83.87,81.89,82.24,15827800.0,82.24,dia
2003-03-25,82.2,83.49,81.85,82.81,12034900.0,82.81,dia
2003-03-26,82.72,82.99,81.96,82.38,9320500.0,82.38,dia
2003-03-27,81.65,82.61,81.17,82.03,8943600.0,82.03,dia
2003-03-28,81.6,82.15,81.2,81.57,6296400.0,81.57,dia
2003-03-31,80.48,80.9,79.39,79.82,13253500.0,79.82,dia
2003-04-01,80.36,81.11,79.76,80.79,9476300.0,80.79,dia
2003-04-02,81.82,83.34,81.79,82.75,11597800.0,82.75,dia
2003-04-03,83.87,83.9,82.37,82.37,9748200.0,82.37,dia
2003-04-04,82.95,83.36,82.3,82.84,7350700.0,82.84,dia
2003-04-07,85.06,85.4,82.91,82.93,11602800.0,82.93,dia
2003-04-08,83.52,83.6,82.73,83.2,7745600.0,83.2,dia
2003-04-09,82.89,84.1,82.02,82.24,10790900.0,82.24,dia
2003-04-10,82.23,82.55,81.56,82.46,6350100.0,82.46,dia
2003-04-11,82.63,83.58,81.92,82.2,8133700.0,82.2,dia
2003-04-14,82.65,83.85,82.25,83.84,6564600.0,83.84,dia
2003-04-15,84.3,84.45,83.24,84.4,6535400.0,84.4,dia
2003-04-16,84.8,84.89,82.52,82.7,9428200.0,82.7,dia
2003-04-17,82.96,83.58,82.42,83.48,8628200.0,83.48,dia
2003-04-21,83.43,84.1,83.11,83.53,5956600.0,83.53,dia
2003-04-22,83.17,85.03,82.71,84.92,8975700.0,84.92,dia
2003-04-23,85.22,85.42,84.58,85.22,6732000.0,85.22,dia
2003-04-24,84.69,84.99,84.05,84.44,8579400.0,84.44,dia
2003-04-25,84.45,84.45,82.85,83.16,7767400.0,83.16,dia
2003-04-28,83.36,85.15,83.19,84.79,7290400.0,84.79,dia
2003-04-29,85.05,85.7,84.47,85.11,11191600.0,85.11,dia
2003-04-30,84.9,85.41,84.44,84.86,9972700.0,84.86,dia
2003-05-01,84.81,84.93,83.5,84.61,11150300.0,84.61,dia
2003-05-02,84.65,86.04,84.21,85.81,10851900.0,85.81,dia
2003-05-05,86.12,86.64,85.1,85.5,8111800.0,85.5,dia
2003-05-06,85.74,86.58,85.4,85.99,9745800.0,85.99,dia
2003-05-07,86.06,86.46,85.38,85.86,8388200.0,85.86,dia
2003-05-08,85.19,85.95,84.87,85.13,8568200.0,85.13,dia
2003-05-09,85.4,86.29,85.2,86.17,6826000.0,86.17,dia
2003-05-12,86.08,87.59,85.81,87.34,7957000.0,87.34,dia
2003-05-13,86.92,87.39,86.61,87.04,6768600.0,87.04,dia
2003-05-14,87.34,87.54,86.32,86.84,7778300.0,86.84,dia
2003-05-15,86.78,87.51,86.66,87.32,7350100.0,87.32,dia
2003-05-16,87.35,87.6,86.53,86.99,7234300.0,86.99,dia
2003-05-19,86.4,86.5,84.9,85.17,9668500.0,85.17,dia
2003-05-20,85.38,85.65,84.25,85.07,10647300.0,85.07,dia
2003-05-21,84.71,85.43,84.52,85.2,8154900.0,85.2,dia
2003-05-22,85.45,86.45,85.28,86.04,6851700.0,86.04,dia
2003-05-23,85.95,86.43,85.61,86.23,4606900.0,86.23,dia
2003-05-27,85.83,88.17,85.6,87.87,9732600.0,87.87,dia
2003-05-28,88.44,88.75,87.91,88.0,6266500.0,88.0,dia
2003-05-29,88.2,88.9,87.05,87.4,8576000.0,87.4,dia
2003-05-30,87.58,88.98,87.58,88.84,7663000.0,88.84,dia
2003-06-02,89.22,90.27,89.05,89.34,9287600.0,89.34,dia
2003-06-03,89.03,89.69,88.8,89.55,7838900.0,89.55,dia
2003-06-04,89.58,90.91,89.34,90.71,8661400.0,90.71,dia
2003-06-05,90.55,90.77,89.94,90.74,7794800.0,90.74,dia
2003-06-06,91.15,92.49,90.75,90.87,10459300.0,90.87,dia
2003-06-09,90.84,90.94,89.7,90.23,7797200.0,90.23,dia
2003-06-10,90.55,91.1,90.16,91.03,6216100.0,91.03,dia
2003-06-11,90.88,92.23,90.74,92.11,8491900.0,92.11,dia
2003-06-12,92.55,92.75,91.5,92.43,8496700.0,92.43,dia
2003-06-13,92.27,92.56,91.05,91.58,6152700.0,91.58,dia
2003-06-16,91.58,93.56,91.58,93.5,8000000.0,93.5,dia
2003-06-17,93.68,93.96,93.01,93.46,7513600.0,93.46,dia
2003-06-18,93.41,93.7,92.63,93.26,7861700.0,93.26,dia
2003-06-19,93.42,93.53,91.84,92.12,9785800.0,92.12,dia
2003-06-20,92.21,92.9,91.8,91.84,7900000.0,91.84,dia
2003-06-23,91.81,91.89,90.49,90.9,10905200.0,90.9,dia
2003-06-24,91.04,91.56,90.58,91.19,9508000.0,91.19,dia
2003-06-25,91.34,91.73,90.06,90.09,9631900.0,90.09,dia
2003-06-26,90.28,91.11,90.02,90.83,6996400.0,90.83,dia
2003-06-27,91.03,91.2,89.78,89.87,6953700.0,89.87,dia
2003-06-30,90.29,90.78,89.79,89.91,5755400.0,89.91,dia
2003-07-01,89.83,90.67,88.85,90.58,7529800.0,90.58,dia
2003-07-02,90.95,91.68,90.72,91.66,4448700.0,91.66,dia
2003-07-03,91.31,91.67,90.67,90.7,3208200.0,90.7,dia
2003-07-07,91.55,92.8,91.43,92.36,6679100.0,92.36,dia
2003-07-08,92.18,92.55,91.76,92.46,4648500.0,92.46,dia
2003-07-09,92.22,92.49,91.23,91.83,5943600.0,91.83,dia
2003-07-10,91.41,91.41,90.11,90.59,7452300.0,90.59,dia
2003-07-11,90.62,91.69,90.51,91.39,4518500.0,91.39,dia
2003-07-14,92.57,93.0,91.5,91.85,6235100.0,91.85,dia
2003-07-15,92.2,92.55,91.07,91.59,6774800.0,91.59,dia
2003-07-16,92.04,92.06,90.57,91.28,6194300.0,91.28,dia
2003-07-17,90.5,91.34,90.39,90.72,7768100.0,90.72,dia
2003-07-18,90.75,91.96,90.75,91.83,6301500.0,91.83,dia
2003-07-21,91.77,91.88,90.8,91.15,8783200.0,91.15,dia
2003-07-22,91.4,91.94,90.45,91.66,8298900.0,91.66,dia
2003-07-23,91.82,92.17,91.06,92.06,5208800.0,92.06,dia
2003-07-24,92.27,92.97,91.15,91.24,6609000.0,91.24,dia
2003-07-25,91.5,92.93,90.92,92.91,8801200.0,92.91,dia
2003-07-28,93.03,93.15,92.4,92.66,5626200.0,92.66,dia
2003-07-29,92.88,93.03,91.74,92.27,5913600.0,92.27,dia
2003-07-30,92.35,92.58,91.75,92.16,5222300.0,92.16,dia
2003-07-31,92.11,93.77,92.1,92.47,10138200.0,92.47,dia
2003-08-01,92.62,92.69,91.5,91.79,6650800.0,91.79,dia
2003-08-04,91.9,92.24,90.6,91.94,7606900.0,91.94,dia
2003-08-05,91.79,92.05,90.03,90.03,5873000.0,90.03,dia
2003-08-06,90.34,91.5,90.1,90.66,9040500.0,90.66,dia
2003-08-07,90.5,91.55,90.43,91.55,6119200.0,91.55,dia
2003-08-08,91.65,92.59,91.45,92.19,4881500.0,92.19,dia
2003-08-11,92.21,92.66,91.6,92.44,5847600.0,92.44,dia
2003-08-12,92.61,93.39,92.21,93.25,5470000.0,93.25,dia
2003-08-13,93.65,93.65,92.55,93.03,7411500.0,93.03,dia
2003-08-14,93.26,93.58,92.41,93.31,5498300.0,93.31,dia
2003-08-15,93.14,93.52,92.9,93.33,3901100.0,93.33,dia
2003-08-18,93.45,94.39,93.45,94.28,5535800.0,94.28,dia
2003-08-19,94.41,94.61,93.62,94.49,7022600.0,94.49,dia
2003-08-20,94.01,94.49,93.84,94.18,4862100.0,94.18,dia
2003-08-21,94.62,95.05,94.1,94.44,6755300.0,94.44,dia
2003-08-22,94.84,95.24,93.65,93.71,5558000.0,93.71,dia
2003-08-25,93.5,94.0,93.01,93.48,4353900.0,93.48,dia
2003-08-26,93.19,93.84,92.55,93.6,5546300.0,93.6,dia
2003-08-27,93.62,93.71,93.25,93.53,3051900.0,93.53,dia
2003-08-28,93.68,94.17,92.81,93.97,4993300.0,93.97,dia
2003-08-29,93.84,97.34,93.69,94.41,4418600.0,94.41,dia
2003-09-02,94.7,95.6,94.07,95.46,5886900.0,95.46,dia
2003-09-03,95.72,96.23,95.36,96.02,5524600.0,96.02,dia
2003-09-04,95.93,96.49,95.65,96.2,4809400.0,96.2,dia
2003-09-05,96.0,96.03,94.86,95.38,7001100.0,95.38,dia
2003-09-08,95.45,96.24,95.31,96.12,3838400.0,96.12,dia
2003-09-09,96.05,96.68,95.15,95.45,4214400.0,95.45,dia
2003-09-10,95.27,95.27,94.0,94.68,7390800.0,94.68,dia
2003-09-11,94.63,95.34,94.41,94.97,6067500.0,94.97,dia
2003-09-12,94.89,95.6,94.1,95.05,4997800.0,95.05,dia
2003-09-15,95.15,95.21,94.69,94.83,3819200.0,94.83,dia
2003-09-16,94.97,96.05,94.91,96.0,4859000.0,96.0,dia
2003-09-17,95.99,96.24,95.71,95.95,4140700.0,95.95,dia
2003-09-18,95.86,96.95,95.7,96.95,5693800.0,96.95,dia
2003-09-19,96.45,96.99,96.21,96.47,4794900.0,96.47,dia
2003-09-22,95.7,95.85,95.14,95.56,6220000.0,95.56,dia
2003-09-23,95.76,95.98,95.16,95.77,5101200.0,95.77,dia
2003-09-24,95.93,96.07,94.31,94.44,6133200.0,94.44,dia
2003-09-25,94.57,94.74,93.22,93.25,7122000.0,93.25,dia
2003-09-26,93.28,93.74,93.13,93.3,6503700.0,93.3,dia
2003-09-29,93.6,94.11,93.05,93.92,6799600.0,93.92,dia
2003-09-30,93.63,93.74,92.42,93.13,7662800.0,93.13,dia
2003-10-01,93.36,94.88,93.28,94.81,6735200.0,94.81,dia
2003-10-02,94.7,95.29,94.45,95.19,6400900.0,95.19,dia
2003-10-03,95.32,96.86,95.32,95.92,6796600.0,95.92,dia
2003-10-06,96.04,96.44,95.77,96.2,3634100.0,96.2,dia
2003-10-07,95.81,96.75,95.55,96.69,6540300.0,96.69,dia
2003-10-08,96.63,96.92,96.13,96.73,4496800.0,96.73,dia
2003-10-09,96.86,97.9,96.65,97.14,6189600.0,97.14,dia
2003-10-10,97.34,97.48,96.78,97.29,2578300.0,97.29,dia
2003-10-13,97.68,98.02,97.46,97.9,4398500.0,97.9,dia
2003-10-14,97.92,98.4,97.54,98.36,4371300.0,98.36,dia
2003-10-15,98.68,98.97,97.85,98.22,4642600.0,98.22,dia
2003-10-16,98.08,98.5,96.77,98.18,7557500.0,98.18,dia
2003-10-17,97.97,98.37,97.14,97.3,6219000.0,97.3,dia
2003-10-20,97.52,97.99,97.19,97.97,4166900.0,97.97,dia
2003-10-21,98.11,98.85,97.4,97.6,4454100.0,97.6,dia
2003-10-22,96.96,96.99,95.96,96.21,6630800.0,96.21,dia
2003-10-23,95.59,96.5,95.47,95.95,6762300.0,95.95,dia
2003-10-24,95.62,96.18,95.1,96.18,6420100.0,96.18,dia
2003-10-27,96.5,96.77,96.06,96.29,3757700.0,96.29,dia
2003-10-28,96.58,97.73,96.43,97.63,5299200.0,97.63,dia
2003-10-29,97.43,98.02,97.28,97.87,4400700.0,97.87,dia
2003-10-30,98.0,98.64,97.74,98.3,7102900.0,98.3,dia
2003-10-31,98.39,98.55,97.97,97.97,5129500.0,97.97,dia
2003-11-03,98.55,99.15,98.45,98.51,5347300.0,98.51,dia
2003-11-04,98.6,98.9,98.38,98.58,4721900.0,98.58,dia
2003-11-05,98.41,98.81,97.98,98.56,4159900.0,98.56,dia
2003-11-06,98.38,98.96,97.95,98.92,5835300.0,98.92,dia
2003-11-07,99.18,99.51,98.11,98.11,4625800.0,98.11,dia
2003-11-10,98.32,98.5,97.6,97.81,4549400.0,97.81,dia
2003-11-11,97.55,97.93,97.43,97.62,3328500.0,97.62,dia
2003-11-12,97.69,98.95,97.66,98.8,6068900.0,98.8,dia
2003-11-13,98.86,98.91,98.28,98.72,4014400.0,98.72,dia
2003-11-14,98.7,99.3,97.74,97.97,5114400.0,97.97,dia
2003-11-17,97.51,97.71,96.63,97.47,5893500.0,97.47,dia
2003-11-18,97.71,97.9,96.47,96.6,4659500.0,96.6,dia
2003-11-19,96.83,97.53,96.6,97.38,4029600.0,97.38,dia
2003-11-20,96.86,97.7,96.39,96.54,6709600.0,96.54,dia
2003-11-21,96.62,96.62,95.27,96.49,4717000.0,96.49,dia
2003-11-24,96.9,97.65,96.55,97.47,4770900.0,97.47,dia
2003-11-25,97.72,98.07,97.37,97.68,5553500.0,97.68,dia
2003-11-26,98.08,98.15,97.15,97.9,3963700.0,97.9,dia
2003-11-28,97.64,98.16,97.64,98.02,855900.0,98.02,dia
2003-12-01,98.37,99.16,98.32,99.1,5722400.0,99.1,dia
2003-12-02,98.93,99.04,98.51,98.75,3588500.0,98.75,dia
2003-12-03,98.9,99.59,98.85,98.95,6184400.0,98.95,dia
2003-12-04,99.19,99.52,98.86,99.45,6048600.0,99.45,dia
2003-12-05,99.25,99.33,98.59,98.8,5332400.0,98.8,dia
2003-12-08,98.55,99.85,98.52,99.81,4715100.0,99.81,dia
2003-12-09,100.0,100.15,96.64,99.45,8956900.0,99.45,dia
2003-12-10,99.35,99.77,98.98,99.6,5518900.0,99.6,dia
2003-12-11,99.65,100.43,99.52,100.38,6635700.0,100.38,dia
2003-12-12,100.4,100.77,99.93,100.63,5781600.0,100.63,dia
2003-12-15,101.64,101.99,100.2,100.45,7400100.0,100.45,dia
2003-12-16,100.46,101.56,100.46,101.5,5883900.0,101.5,dia
2003-12-17,101.32,101.86,101.11,101.86,4729900.0,101.86,dia
2003-12-18,101.87,102.83,101.7,102.81,10436600.0,102.81,dia
2003-12-19,102.6,103.07,102.38,102.74,9837100.0,102.74,dia
